transaction_id,customer_id,date,amount,payment_method,,,
2001,1059,01-01-2023,3087,Card,,,
2002,1138,02-01-2023,1761,Card,,,
2003,1099,03-01-2023,3618,Card,,,
2004,1192,04-01-2023,966,UPI,,,
2005,1243,05-01-2023,2476,Card,,,
2006,1319,06-01-2023,4043,Card,,,
2007,1049,07-01-2023,900,Card,,,
2008,1448,08-01-2023,2952,Card,,,
2009,1032,09-01-2023,4722,Card,,,
2010,1391,10-01-2023,4124,Card,,,
2011,1277,11-01-2023,4206,UPI,,,
2012,1020,12-01-2023,1279,Card,,,
2013,1154,13-01-2023,2751,Card,,,
2014,1383,14-01-2023,928,NetBanking,,,
2015,1068,15-01-2023,1929,UPI,,,
2016,1366,16-01-2023,3996,UPI,,,
2017,1372,17-01-2023,3730,UPI,,,
2018,1214,18-01-2023,3974,UPI,,,
2019,1143,19-01-2023,4229,Card,,,
2020,1376,20-01-2023,3065,Card,,,
2021,1232,21-01-2023,4669,NetBanking,,,
2022,1213,22-01-2023,415,NetBanking,,,
2023,1079,23-01-2023,2303,UPI,,,
2024,1214,24-01-2023,992,NetBanking,,,
2025,1116,25-01-2023,3462,NetBanking,,,
2026,1092,26-01-2023,1405,UPI,,,
2027,1270,27-01-2023,3308,UPI,,,
2028,1411,28-01-2023,2461,NetBanking,,,
2029,1381,29-01-2023,453,Card,,,
2030,1489,30-01-2023,3999,NetBanking,,,
2031,1168,31-01-2023,4710,NetBanking,,,
2032,1058,01-02-2023,4086,Card,,,
2033,1284,02-02-2023,1364,Card,,,
2034,1026,03-02-2023,4500,UPI,,,
2035,1369,04-02-2023,2213,UPI,,,
2036,1447,05-02-2023,1516,NetBanking,,,
2037,1066,06-02-2023,2701,Card,,,
2038,1409,07-02-2023,2072,UPI,,,
2039,1248,08-02-2023,2260,NetBanking,,,
2040,1254,09-02-2023,3080,Card,,,
2041,1387,10-02-2023,3171,NetBanking,,,
2042,1456,11-02-2023,960,UPI,,,
2043,1044,12-02-2023,2935,UPI,,,
2044,1097,13-02-2023,2629,Card,,,
2045,1042,14-02-2023,4254,NetBanking,,,
2046,1500,15-02-2023,2750,Card,,,
2047,1227,16-02-2023,1432,UPI,,,
2048,1262,17-02-2023,999,UPI,,,
2049,1167,18-02-2023,2338,NetBanking,,,
2050,1436,19-02-2023,4947,NetBanking,,,
2051,1279,20-02-2023,4800,NetBanking,,,
2052,1089,21-02-2023,4857,Card,,,
2053,1379,22-02-2023,2479,NetBanking,,,
2054,1178,23-02-2023,3138,NetBanking,,,
2055,1427,24-02-2023,1173,UPI,,,
2056,1403,25-02-2023,383,UPI,,,
2057,1197,26-02-2023,1722,NetBanking,,,
2058,1307,27-02-2023,2975,NetBanking,,,
2059,1267,28-02-2023,3480,UPI,,,
2060,1268,01-03-2023,4616,NetBanking,,,
2061,1074,02-03-2023,4275,Card,,,
2062,1008,03-03-2023,1691,Card,,,
2063,1408,04-03-2023,3518,Card,,,
2064,1476,05-03-2023,4507,NetBanking,,,
2065,1297,06-03-2023,914,UPI,,,
2066,1164,07-03-2023,3271,NetBanking,,,
2067,1485,08-03-2023,3865,NetBanking,,,
2068,1085,09-03-2023,3876,UPI,,,
2069,1072,10-03-2023,4870,UPI,,,
2070,1055,11-03-2023,570,UPI,,,
2071,1393,12-03-2023,4366,Card,,,
2072,1047,13-03-2023,2768,NetBanking,,,
2073,1399,14-03-2023,1690,UPI,,,
2074,1432,15-03-2023,3654,NetBanking,,,
2075,1238,16-03-2023,4435,Card,,,
2076,1104,17-03-2023,3907,Card,,,
2077,1210,18-03-2023,2883,UPI,,,
2078,1042,19-03-2023,4373,UPI,,,
2079,1316,20-03-2023,3375,NetBanking,,,
2080,1468,21-03-2023,4206,UPI,,,
2081,1454,22-03-2023,589,NetBanking,,,
2082,1268,23-03-2023,2780,UPI,,,
2083,1386,24-03-2023,3552,NetBanking,,,
2084,1263,25-03-2023,578,NetBanking,,,
2085,1336,26-03-2023,3224,NetBanking,,,
2086,1387,27-03-2023,880,NetBanking,,,
2087,1365,28-03-2023,553,Card,,,
2088,1259,29-03-2023,4576,NetBanking,,,
2089,1283,30-03-2023,1124,UPI,,,
2090,1114,31-03-2023,4132,Card,,,
2091,1363,01-04-2023,999,Card,,,
2092,1040,02-04-2023,1680,NetBanking,,,
2093,1486,03-04-2023,4196,Card,,,
2094,1417,04-04-2023,1973,NetBanking,,,
2095,1220,05-04-2023,3027,UPI,,,
2096,1129,06-04-2023,3456,NetBanking,,,
2097,1008,07-04-2023,3688,Card,,,
2098,1101,08-04-2023,4607,UPI,,,
2099,1416,09-04-2023,683,NetBanking,,,
2100,1380,10-04-2023,641,UPI,,,
2101,1176,11-04-2023,2287,UPI,,,
2102,1107,12-04-2023,4359,Card,,,
2103,1101,13-04-2023,3409,UPI,,,
2104,1260,14-04-2023,4382,Card,,,
2105,1478,15-04-2023,4815,UPI,,,
2106,1454,16-04-2023,3098,NetBanking,,,
2107,1366,17-04-2023,3540,UPI,,,
2108,1246,18-04-2023,2288,NetBanking,,,
2109,1275,19-04-2023,3714,NetBanking,,,
2110,1032,20-04-2023,2149,UPI,,,
2111,1137,21-04-2023,605,NetBanking,,,
2112,1012,22-04-2023,3913,UPI,,,
2113,1395,23-04-2023,3049,UPI,,,
2114,1302,24-04-2023,1435,NetBanking,,,
2115,1375,25-04-2023,505,NetBanking,,,
2116,1016,26-04-2023,4891,Card,,,
2117,1129,27-04-2023,3750,NetBanking,,,
2118,1063,28-04-2023,4111,Card,,,
2119,1109,29-04-2023,3922,NetBanking,,,
2120,1375,30-04-2023,3899,UPI,,,
2121,1021,01-05-2023,2851,NetBanking,,,
2122,1158,02-05-2023,4608,UPI,,,
2123,1269,03-05-2023,609,UPI,,,
2124,1162,04-05-2023,3008,UPI,,,
2125,1260,05-05-2023,2291,Card,,,
2126,1412,06-05-2023,571,NetBanking,,,
2127,1102,07-05-2023,3942,UPI,,,
2128,1223,08-05-2023,4386,UPI,,,
2129,1059,09-05-2023,2122,Card,,,
2130,1247,10-05-2023,3573,NetBanking,,,
2131,1128,11-05-2023,4838,NetBanking,,,
2132,1283,12-05-2023,4649,Card,,,
2133,1325,13-05-2023,820,Card,,,
2134,1025,14-05-2023,1276,NetBanking,,,
2135,1131,15-05-2023,4022,Card,,,
2136,1353,16-05-2023,3851,NetBanking,,,
2137,1196,17-05-2023,4405,NetBanking,,,
2138,1281,18-05-2023,3073,UPI,,,
2139,1404,19-05-2023,2852,UPI,,,
2140,1418,20-05-2023,3132,NetBanking,,,
2141,1154,21-05-2023,4207,NetBanking,,,
2142,1382,22-05-2023,452,NetBanking,,,
2143,1133,23-05-2023,3264,NetBanking,,,
2144,1227,24-05-2023,3216,NetBanking,,,
2145,1189,25-05-2023,3100,NetBanking,,,
2146,1476,26-05-2023,2052,Card,,,
2147,1477,27-05-2023,2910,NetBanking,,,
2148,1265,28-05-2023,4175,Card,,,
2149,1372,29-05-2023,1404,Card,,,
2150,1486,30-05-2023,2836,NetBanking,,,
2151,1434,31-05-2023,4499,NetBanking,,,
2152,1134,01-06-2023,4154,Card,,,
2153,1211,02-06-2023,3794,Card,,,
2154,1060,03-06-2023,2214,NetBanking,,,
2155,1428,04-06-2023,3372,NetBanking,,,
2156,1377,05-06-2023,1306,Card,,,
2157,1395,06-06-2023,706,Card,,,
2158,1450,07-06-2023,466,Card,,,
2159,1431,08-06-2023,808,UPI,,,
2160,1364,09-06-2023,1961,Card,,,
2161,1364,10-06-2023,3964,UPI,,,
2162,1457,11-06-2023,3789,NetBanking,,,
2163,1213,12-06-2023,980,NetBanking,,,
2164,1216,13-06-2023,2824,Card,,,
2165,1226,14-06-2023,2420,NetBanking,,,
2166,1470,15-06-2023,4977,NetBanking,,,
2167,1131,16-06-2023,4657,NetBanking,,,
2168,1076,17-06-2023,1663,NetBanking,,,
2169,1476,18-06-2023,1631,UPI,,,
2170,1286,19-06-2023,2592,UPI,,,
2171,1474,20-06-2023,1838,Card,,,
2172,1496,21-06-2023,3708,Card,,,
2173,1277,22-06-2023,860,Card,,,
2174,1156,23-06-2023,1399,NetBanking,,,
2175,1248,24-06-2023,2203,NetBanking,,,
2176,1218,25-06-2023,474,UPI,,,
2177,1190,26-06-2023,2456,UPI,,,
2178,1417,27-06-2023,2530,Card,,,
2179,1469,28-06-2023,4587,UPI,,,
2180,1163,29-06-2023,4460,UPI,,,
2181,1180,30-06-2023,4220,UPI,,,
2182,1034,01-07-2023,1797,UPI,,,
2183,1041,02-07-2023,4154,UPI,,,
2184,1307,03-07-2023,3471,Card,,,
2185,1431,04-07-2023,1867,Card,,,
2186,1338,05-07-2023,1451,UPI,,,
2187,1314,06-07-2023,668,Card,,,
2188,1075,07-07-2023,342,NetBanking,,,
2189,1441,08-07-2023,2207,UPI,,,
2190,1279,09-07-2023,3790,NetBanking,,,
2191,1176,10-07-2023,2835,Card,,,
2192,1384,11-07-2023,4473,Card,,,
2193,1150,12-07-2023,3173,NetBanking,,,
2194,1273,13-07-2023,2124,Card,,,
2195,1325,14-07-2023,1593,UPI,,,
2196,1108,15-07-2023,3686,NetBanking,,,
2197,1139,16-07-2023,3272,UPI,,,
2198,1350,17-07-2023,4222,NetBanking,,,
2199,1271,18-07-2023,1292,Card,,,
2200,1347,19-07-2023,2686,NetBanking,,,
2201,1419,20-07-2023,2540,NetBanking,,,
2202,1289,21-07-2023,1776,UPI,,,
2203,1212,22-07-2023,3707,Card,,,
2204,1381,23-07-2023,689,UPI,,,
2205,1272,24-07-2023,1299,Card,,,
2206,1418,25-07-2023,4920,UPI,,,
2207,1066,26-07-2023,2155,NetBanking,,,
2208,1483,27-07-2023,958,UPI,,,
2209,1424,28-07-2023,3063,Card,,,
2210,1248,29-07-2023,3963,Card,,,
2211,1156,30-07-2023,1781,NetBanking,,,
2212,1047,31-07-2023,4031,Card,,,
2213,1423,01-08-2023,751,UPI,,,
2214,1454,02-08-2023,2775,NetBanking,,,
2215,1201,03-08-2023,3522,Card,,,
2216,1148,04-08-2023,1837,Card,,,
2217,1124,05-08-2023,3393,UPI,,,
2218,1001,06-08-2023,1182,UPI,,,
2219,1456,07-08-2023,4708,NetBanking,,,
2220,1247,08-08-2023,4368,Card,,,
2221,1343,09-08-2023,2866,UPI,,,
2222,1128,10-08-2023,3577,NetBanking,,,
2223,1191,11-08-2023,674,Card,,,
2224,1067,12-08-2023,4846,Card,,,
2225,1004,13-08-2023,3997,NetBanking,,,
2226,1442,14-08-2023,3362,NetBanking,,,
2227,1409,15-08-2023,4990,UPI,,,
2228,1303,16-08-2023,3550,Card,,,
2229,1294,17-08-2023,4895,Card,,,
2230,1143,18-08-2023,4859,Card,,,
2231,1191,19-08-2023,412,NetBanking,,,
2232,1021,20-08-2023,3497,UPI,,,
2233,1227,21-08-2023,2678,Card,,,
2234,1313,22-08-2023,2224,NetBanking,,,
2235,1117,23-08-2023,439,Card,,,
2236,1437,24-08-2023,1724,UPI,,,
2237,1302,25-08-2023,3249,Card,,,
2238,1500,26-08-2023,3468,UPI,,,
2239,1142,27-08-2023,816,UPI,,,
2240,1484,28-08-2023,2916,Card,,,
2241,1460,29-08-2023,1187,Card,,,
2242,1401,30-08-2023,3404,UPI,,,
2243,1039,31-08-2023,349,NetBanking,,,
2244,1393,01-09-2023,4251,UPI,,,
2245,1355,02-09-2023,3860,Card,,,
2246,1252,03-09-2023,318,Card,,,
2247,1333,04-09-2023,1773,NetBanking,,,
2248,1207,05-09-2023,4361,UPI,,,
2249,1210,06-09-2023,2906,UPI,,,
2250,1115,07-09-2023,751,UPI,,,
2251,1225,08-09-2023,4065,Card,,,
2252,1134,09-09-2023,2738,UPI,,,
2253,1251,10-09-2023,4610,NetBanking,,,
2254,1219,11-09-2023,1849,Card,,,
2255,1407,12-09-2023,3774,Card,,,
2256,1443,13-09-2023,427,UPI,,,
2257,1091,14-09-2023,3061,NetBanking,,,
2258,1354,15-09-2023,4756,Card,,,
2259,1376,16-09-2023,4964,Card,,,
2260,1046,17-09-2023,1715,UPI,,,
2261,1038,18-09-2023,501,UPI,,,
2262,1142,19-09-2023,2669,NetBanking,,,
2263,1100,20-09-2023,817,UPI,,,
2264,1328,21-09-2023,1641,NetBanking,,,
2265,1190,22-09-2023,2288,Card,,,
2266,1035,23-09-2023,3845,NetBanking,,,
2267,1147,24-09-2023,4820,NetBanking,,,
2268,1030,25-09-2023,4102,NetBanking,,,
2269,1334,26-09-2023,3575,Card,,,
2270,1084,27-09-2023,3954,UPI,,,
2271,1369,28-09-2023,2734,Card,,,
2272,1281,29-09-2023,507,UPI,,,
2273,1424,30-09-2023,2933,NetBanking,,,
2274,1344,01-10-2023,4417,NetBanking,,,
2275,1270,02-10-2023,453,NetBanking,,,
2276,1154,03-10-2023,3666,NetBanking,,,
2277,1102,04-10-2023,4614,NetBanking,,,
2278,1215,05-10-2023,1818,UPI,,,
2279,1150,06-10-2023,2900,UPI,,,
2280,1432,07-10-2023,2495,NetBanking,,,
2281,1083,08-10-2023,4798,Card,,,
2282,1110,09-10-2023,4991,Card,,,
2283,1435,10-10-2023,3854,NetBanking,,,
2284,1387,11-10-2023,2714,UPI,,,
2285,1426,12-10-2023,3149,Card,,,
2286,1275,13-10-2023,2042,Card,,,
2287,1201,14-10-2023,1606,Card,,,
2288,1284,15-10-2023,4149,NetBanking,,,
2289,1468,16-10-2023,4468,Card,,,
2290,1173,17-10-2023,4876,Card,,,
2291,1327,18-10-2023,4955,Card,,,
2292,1206,19-10-2023,4495,Card,,,
2293,1063,20-10-2023,2855,UPI,,,
2294,1073,21-10-2023,2605,NetBanking,,,
2295,1251,22-10-2023,4808,NetBanking,,,
2296,1124,23-10-2023,1388,UPI,,,
2297,1375,24-10-2023,2942,UPI,,,
2298,1121,25-10-2023,1477,NetBanking,,,
2299,1275,26-10-2023,3294,Card,,,
2300,1431,27-10-2023,859,Card,,,
2301,1500,28-10-2023,3264,NetBanking,,,
2302,1398,29-10-2023,1571,Card,,,
2303,1120,30-10-2023,2113,UPI,,,
2304,1422,31-10-2023,3215,Card,,,
2305,1437,01-11-2023,909,Card,,,
2306,1317,02-11-2023,2761,Card,,,
2307,1164,03-11-2023,4420,NetBanking,,,
2308,1424,04-11-2023,583,UPI,,,
2309,1465,05-11-2023,3228,Card,,,
2310,1286,06-11-2023,4696,NetBanking,,,
2311,1265,07-11-2023,1391,Card,,,
2312,1320,08-11-2023,1116,UPI,,,
2313,1161,09-11-2023,382,Card,,,
2314,1376,10-11-2023,2220,UPI,,,
2315,1308,11-11-2023,3791,Card,,,
2316,1089,12-11-2023,3444,UPI,,,
2317,1142,13-11-2023,2393,Card,,,
2318,1203,14-11-2023,475,UPI,,,
2319,1309,15-11-2023,3004,Card,,,
2320,1227,16-11-2023,669,Card,,,
2321,1489,17-11-2023,2118,NetBanking,,,
2322,1443,18-11-2023,2401,NetBanking,,,
2323,1334,19-11-2023,3790,UPI,,,
2324,1222,20-11-2023,2079,Card,,,
2325,1041,21-11-2023,1664,UPI,,,
2326,1196,22-11-2023,4762,NetBanking,,,
2327,1068,23-11-2023,3642,UPI,,,
2328,1476,24-11-2023,3976,UPI,,,
2329,1264,25-11-2023,2726,NetBanking,,,
2330,1002,26-11-2023,372,Card,,,
2331,1361,27-11-2023,3262,UPI,,,
2332,1125,28-11-2023,1159,NetBanking,,,
2333,1110,29-11-2023,4156,Card,,,
2334,1086,30-11-2023,4438,NetBanking,,,
2335,1425,01-12-2023,2724,UPI,,,
2336,1120,02-12-2023,1364,Card,,,
2337,1127,03-12-2023,2517,Card,,,
2338,1255,04-12-2023,4317,NetBanking,,,
2339,1183,05-12-2023,2559,NetBanking,,,
2340,1016,06-12-2023,4051,NetBanking,,,
2341,1477,07-12-2023,2386,Card,,,
2342,1062,08-12-2023,668,Card,,,
2343,1369,09-12-2023,3104,UPI,,,
2344,1432,10-12-2023,450,Card,,,
2345,1158,11-12-2023,1434,UPI,,,
2346,1268,12-12-2023,3084,NetBanking,,,
2347,1035,13-12-2023,4464,NetBanking,,,
2348,1267,14-12-2023,2646,Card,,,
2349,1064,15-12-2023,2550,NetBanking,,,
2350,1494,16-12-2023,360,NetBanking,,,
2351,1050,17-12-2023,3310,Card,,,
2352,1469,18-12-2023,4201,UPI,,,
2353,1255,19-12-2023,1637,Card,,,
2354,1149,20-12-2023,1484,UPI,,,
2355,1325,21-12-2023,4726,Card,,,
2356,1304,22-12-2023,1851,Card,,,
2357,1276,23-12-2023,4733,NetBanking,,,
2358,1357,24-12-2023,1929,Card,,,
2359,1451,25-12-2023,1627,Card,,,
2360,1172,26-12-2023,1826,UPI,,,
2361,1417,27-12-2023,1973,NetBanking,,,
2362,1201,28-12-2023,1661,UPI,,,
2363,1445,29-12-2023,1873,UPI,,,
2364,1393,30-12-2023,2986,NetBanking,,,
2365,1324,31-12-2023,4670,NetBanking,,,
2366,1035,01-01-2024,2666,NetBanking,,,
2367,1465,02-01-2024,4057,Card,,,
2368,1482,03-01-2024,2734,NetBanking,,,
2369,1216,04-01-2024,2293,NetBanking,,,
2370,1480,05-01-2024,1169,NetBanking,,,
2371,1065,06-01-2024,1314,UPI,,,
2372,1008,07-01-2024,2211,UPI,,,
2373,1301,08-01-2024,902,Card,,,
2374,1343,09-01-2024,4121,UPI,,,
2375,1431,10-01-2024,990,Card,,,
2376,1424,11-01-2024,793,UPI,,,
2377,1332,12-01-2024,789,NetBanking,,,
2378,1438,13-01-2024,2856,UPI,,,
2379,1076,14-01-2024,4785,Card,,,
2380,1174,15-01-2024,594,UPI,,,
2381,1047,16-01-2024,4327,NetBanking,,,
2382,1015,17-01-2024,3143,Card,,,
2383,1361,18-01-2024,3212,NetBanking,,,
2384,1147,19-01-2024,2017,NetBanking,,,
2385,1026,20-01-2024,2896,Card,,,
2386,1308,21-01-2024,2173,NetBanking,,,
2387,1093,22-01-2024,4963,NetBanking,,,
2388,1406,23-01-2024,3558,UPI,,,
2389,1232,24-01-2024,3117,NetBanking,,,
2390,1021,25-01-2024,744,NetBanking,,,
2391,1307,26-01-2024,3941,NetBanking,,,
2392,1038,27-01-2024,4758,NetBanking,,,
2393,1276,28-01-2024,1041,Card,,,
2394,1157,29-01-2024,2341,UPI,,,
2395,1179,30-01-2024,979,NetBanking,,,
2396,1132,31-01-2024,2767,NetBanking,,,
2397,1311,01-02-2024,3997,Card,,,
2398,1455,02-02-2024,1658,NetBanking,,,
2399,1348,03-02-2024,362,Card,,,
2400,1028,04-02-2024,2859,UPI,,,
2401,1260,05-02-2024,4069,UPI,,,
2402,1406,06-02-2024,4651,NetBanking,,,
2403,1076,07-02-2024,434,NetBanking,,,
2404,1429,08-02-2024,3944,NetBanking,,,
2405,1067,09-02-2024,2435,Card,,,
2406,1342,10-02-2024,3578,NetBanking,,,
2407,1492,11-02-2024,1122,NetBanking,,,
2408,1194,12-02-2024,3374,UPI,,,
2409,1472,13-02-2024,3281,NetBanking,,,
2410,1162,14-02-2024,420,UPI,,,
2411,1347,15-02-2024,1937,NetBanking,,,
2412,1439,16-02-2024,1224,UPI,,,
2413,1361,17-02-2024,944,NetBanking,,,
2414,1257,18-02-2024,2332,UPI,,,
2415,1072,19-02-2024,3061,Card,,,
2416,1087,20-02-2024,2368,UPI,,,
2417,1422,21-02-2024,541,UPI,,,
2418,1262,22-02-2024,2968,UPI,,,
2419,1214,23-02-2024,1102,NetBanking,,,
2420,1153,24-02-2024,4464,NetBanking,,,
2421,1210,25-02-2024,495,NetBanking,,,
2422,1401,26-02-2024,2487,Card,,,
2423,1061,27-02-2024,3815,Card,,,
2424,1268,28-02-2024,2630,UPI,,,
2425,1262,29-02-2024,2659,Card,,,
2426,1218,01-03-2024,3906,UPI,,,
2427,1283,02-03-2024,576,UPI,,,
2428,1136,03-03-2024,360,UPI,,,
2429,1467,04-03-2024,3690,Card,,,
2430,1380,05-03-2024,2213,NetBanking,,,
2431,1362,06-03-2024,4227,Card,,,
2432,1449,07-03-2024,2891,UPI,,,
2433,1441,08-03-2024,866,UPI,,,
2434,1093,09-03-2024,4235,Card,,,
2435,1109,10-03-2024,1871,UPI,,,
2436,1241,11-03-2024,1500,UPI,,,
2437,1355,12-03-2024,4709,Card,,,
2438,1424,13-03-2024,3154,Card,,,
2439,1142,14-03-2024,3195,Card,,,
2440,1291,15-03-2024,1536,UPI,,,
2441,1432,16-03-2024,436,UPI,,,
2442,1237,17-03-2024,1329,NetBanking,,,
2443,1340,18-03-2024,2456,NetBanking,,,
2444,1312,19-03-2024,2894,Card,,,
2445,1177,20-03-2024,961,NetBanking,,,
2446,1141,21-03-2024,2772,UPI,,,
2447,1189,22-03-2024,2977,NetBanking,,,
2448,1486,23-03-2024,2608,UPI,,,
2449,1049,24-03-2024,386,Card,,,
2450,1302,25-03-2024,2812,Card,,,
2451,1369,26-03-2024,3242,UPI,,,
2452,1190,27-03-2024,3073,NetBanking,,,
2453,1136,28-03-2024,2804,Card,,,
2454,1043,29-03-2024,3610,Card,,,
2455,1404,30-03-2024,2000,NetBanking,,,
2456,1380,31-03-2024,3970,NetBanking,,,
2457,1353,01-04-2024,3000,UPI,,,
2458,1090,02-04-2024,3929,NetBanking,,,
2459,1295,03-04-2024,4890,NetBanking,,,
2460,1341,04-04-2024,1947,NetBanking,,,
2461,1245,05-04-2024,3618,UPI,,,
2462,1433,06-04-2024,3987,UPI,,,
2463,1192,07-04-2024,896,Card,,,
2464,1318,08-04-2024,4845,UPI,,,
2465,1106,09-04-2024,784,Card,,,
2466,1363,10-04-2024,945,NetBanking,,,
2467,1310,11-04-2024,3389,Card,,,
2468,1382,12-04-2024,4684,Card,,,
2469,1233,13-04-2024,1020,NetBanking,,,
2470,1265,14-04-2024,798,Card,,,
2471,1344,15-04-2024,1973,UPI,,,
2472,1037,16-04-2024,3367,UPI,,,
2473,1305,17-04-2024,414,UPI,,,
2474,1041,18-04-2024,3279,UPI,,,
2475,1017,19-04-2024,2036,Card,,,
2476,1344,20-04-2024,3911,Card,,,
2477,1277,21-04-2024,2553,NetBanking,,,
2478,1307,22-04-2024,2594,Card,,,
2479,1059,23-04-2024,3930,Card,,,
2480,1423,24-04-2024,446,Card,,,
2481,1183,25-04-2024,4282,NetBanking,,,
2482,1041,26-04-2024,3753,UPI,,,
2483,1039,27-04-2024,4807,Card,,,
2484,1397,28-04-2024,2710,NetBanking,,,
2485,1192,29-04-2024,436,NetBanking,,,
2486,1267,30-04-2024,3660,NetBanking,,,
2487,1494,01-05-2024,3305,UPI,,,
2488,1147,02-05-2024,3852,Card,,,
2489,1395,03-05-2024,318,NetBanking,,,
2490,1333,04-05-2024,2542,UPI,,,
2491,1127,05-05-2024,748,NetBanking,,,
2492,1046,06-05-2024,2248,NetBanking,,,
2493,1045,07-05-2024,1245,NetBanking,,,
2494,1001,08-05-2024,4536,NetBanking,,,
2495,1168,09-05-2024,2220,NetBanking,,,
2496,1108,10-05-2024,3277,UPI,,,
2497,1019,11-05-2024,4488,Card,,,
2498,1332,12-05-2024,4315,Card,,,
2499,1072,13-05-2024,538,Card,,,
2500,1456,14-05-2024,504,Card,,,
2501,1445,15-05-2024,2907,UPI,,,
2502,1109,16-05-2024,4640,UPI,,,
2503,1268,17-05-2024,3688,UPI,,,
2504,1445,18-05-2024,3272,NetBanking,,,
2505,1240,19-05-2024,4690,NetBanking,,,
2506,1417,20-05-2024,2987,NetBanking,,,
2507,1301,21-05-2024,4466,Card,,,
2508,1090,22-05-2024,1648,NetBanking,,,
2509,1103,23-05-2024,4700,Card,,,
2510,1476,24-05-2024,1116,NetBanking,,,
2511,1250,25-05-2024,1120,Card,,,
2512,1453,26-05-2024,492,NetBanking,,,
2513,1008,27-05-2024,2076,NetBanking,,,
2514,1153,28-05-2024,3945,UPI,,,
2515,1347,29-05-2024,4924,NetBanking,,,
2516,1174,30-05-2024,550,NetBanking,,,
2517,1343,31-05-2024,2088,UPI,,,
2518,1158,01-06-2024,4000,Card,,,
2519,1493,02-06-2024,2763,UPI,,,
2520,1431,03-06-2024,1467,UPI,,,
2521,1215,04-06-2024,4193,Card,,,
2522,1177,05-06-2024,1396,NetBanking,,,
2523,1175,06-06-2024,2979,Card,,,
2524,1340,07-06-2024,2147,NetBanking,,,
2525,1338,08-06-2024,4204,NetBanking,,,
2526,1146,09-06-2024,804,Card,,,
2527,1450,10-06-2024,1921,UPI,,,
2528,1324,11-06-2024,2772,Card,,,
2529,1478,12-06-2024,2846,NetBanking,,,
2530,1161,13-06-2024,1687,Card,,,
2531,1127,14-06-2024,3294,Card,,,
2532,1420,15-06-2024,4116,NetBanking,,,
2533,1082,16-06-2024,1017,UPI,,,
2534,1485,17-06-2024,3784,Card,,,
2535,1147,18-06-2024,4734,NetBanking,,,
2536,1239,19-06-2024,958,NetBanking,,,
2537,1412,20-06-2024,4308,Card,,,
2538,1424,21-06-2024,4824,UPI,,,
2539,1084,22-06-2024,4534,Card,,,
2540,1113,23-06-2024,4064,UPI,,,
2541,1225,24-06-2024,3289,UPI,,,
2542,1332,25-06-2024,4937,UPI,,,
2543,1378,26-06-2024,2404,UPI,,,
2544,1243,27-06-2024,1555,Card,,,
2545,1143,28-06-2024,2782,NetBanking,,,
2546,1041,29-06-2024,683,NetBanking,,,
2547,1423,30-06-2024,2907,NetBanking,,,
2548,1258,01-07-2024,493,NetBanking,,,
2549,1447,02-07-2024,4107,NetBanking,,,
2550,1285,03-07-2024,4019,NetBanking,,,
2551,1105,04-07-2024,2881,Card,,,
2552,1202,05-07-2024,2865,UPI,,,
2553,1450,06-07-2024,3063,NetBanking,,,
2554,1307,07-07-2024,3098,Card,,,
2555,1331,08-07-2024,2639,NetBanking,,,
2556,1461,09-07-2024,3706,NetBanking,,,
2557,1266,10-07-2024,1031,UPI,,,
2558,1398,11-07-2024,3172,UPI,,,
2559,1210,12-07-2024,3420,UPI,,,
2560,1051,13-07-2024,4477,NetBanking,,,
2561,1118,14-07-2024,2904,NetBanking,,,
2562,1201,15-07-2024,2682,NetBanking,,,
2563,1377,16-07-2024,831,UPI,,,
2564,1039,17-07-2024,4616,Card,,,
2565,1028,18-07-2024,934,NetBanking,,,
2566,1259,19-07-2024,2069,NetBanking,,,
2567,1084,20-07-2024,4104,NetBanking,,,
2568,1454,21-07-2024,2670,Card,,,
2569,1155,22-07-2024,302,NetBanking,,,
2570,1117,23-07-2024,505,Card,,,
2571,1002,24-07-2024,4435,NetBanking,,,
2572,1093,25-07-2024,2921,Card,,,
2573,1166,26-07-2024,3190,NetBanking,,,
2574,1387,27-07-2024,3493,UPI,,,
2575,1400,28-07-2024,2966,UPI,,,
2576,1350,29-07-2024,3606,UPI,,,
2577,1296,30-07-2024,1197,UPI,,,
2578,1258,31-07-2024,1385,NetBanking,,,
2579,1081,01-08-2024,1579,UPI,,,
2580,1425,02-08-2024,970,Card,,,
2581,1268,03-08-2024,1805,UPI,,,
2582,1419,04-08-2024,3875,UPI,,,
2583,1235,05-08-2024,2255,UPI,,,
2584,1321,06-08-2024,549,NetBanking,,,
2585,1311,07-08-2024,2192,UPI,,,
2586,1301,08-08-2024,3739,Card,,,
2587,1463,09-08-2024,2153,UPI,,,
2588,1474,10-08-2024,3154,UPI,,,
2589,1357,11-08-2024,1803,UPI,,,
2590,1213,12-08-2024,3685,Card,,,
2591,1062,13-08-2024,3871,UPI,,,
2592,1049,14-08-2024,4092,Card,,,
2593,1127,15-08-2024,3726,Card,,,
2594,1223,16-08-2024,343,UPI,,,
2595,1409,17-08-2024,3912,Card,,,
2596,1279,18-08-2024,2918,NetBanking,,,
2597,1408,19-08-2024,4978,UPI,,,
2598,1294,20-08-2024,3463,UPI,,,
2599,1284,21-08-2024,1588,Card,,,
2600,1277,22-08-2024,3242,Card,,,
2601,1438,23-08-2024,519,UPI,,,
2602,1107,24-08-2024,2225,NetBanking,,,
2603,1146,25-08-2024,3272,Card,,,
2604,1420,26-08-2024,3813,Card,,,
2605,1099,27-08-2024,2748,NetBanking,,,
2606,1429,28-08-2024,3771,NetBanking,,,
2607,1375,29-08-2024,3074,UPI,,,
2608,1073,30-08-2024,1290,NetBanking,,,
2609,1437,31-08-2024,3246,UPI,,,
2610,1486,01-09-2024,2112,NetBanking,,,
2611,1122,02-09-2024,1103,Card,,,
2612,1030,03-09-2024,789,UPI,,,
2613,1188,04-09-2024,3856,UPI,,,
2614,1364,05-09-2024,1793,UPI,,,
2615,1354,06-09-2024,3945,NetBanking,,,
2616,1288,07-09-2024,3191,Card,,,
2617,1451,08-09-2024,2005,UPI,,,
2618,1195,09-09-2024,3816,UPI,,,
2619,1156,10-09-2024,3640,UPI,,,
2620,1172,11-09-2024,353,UPI,,,
2621,1335,12-09-2024,2875,Card,,,
2622,1041,13-09-2024,3891,NetBanking,,,
2623,1063,14-09-2024,915,Card,,,
2624,1023,15-09-2024,1254,UPI,,,
2625,1360,16-09-2024,2733,Card,,,
2626,1075,17-09-2024,1929,UPI,,,
2627,1048,18-09-2024,3081,NetBanking,,,
2628,1160,19-09-2024,949,NetBanking,,,
2629,1313,20-09-2024,2647,NetBanking,,,
2630,1118,21-09-2024,4790,UPI,,,
2631,1100,22-09-2024,3578,Card,,,
2632,1380,23-09-2024,2940,NetBanking,,,
2633,1417,24-09-2024,4101,UPI,,,
2634,1408,25-09-2024,2861,UPI,,,
2635,1167,26-09-2024,3549,Card,,,
2636,1290,27-09-2024,670,NetBanking,,,
2637,1440,28-09-2024,1157,UPI,,,
2638,1156,29-09-2024,683,Card,,,
2639,1421,30-09-2024,4177,NetBanking,,,
2640,1007,01-10-2024,2852,Card,,,
2641,1196,02-10-2024,4634,Card,,,
2642,1421,03-10-2024,4590,UPI,,,
2643,1056,04-10-2024,3025,UPI,,,
2644,1321,05-10-2024,4334,UPI,,,
2645,1193,06-10-2024,3593,Card,,,
2646,1047,07-10-2024,4551,UPI,,,
2647,1148,08-10-2024,4288,Card,,,
2648,1275,09-10-2024,1222,Card,,,
2649,1157,10-10-2024,3215,UPI,,,
2650,1202,11-10-2024,3250,NetBanking,,,
2651,1444,12-10-2024,3346,NetBanking,,,
2652,1402,13-10-2024,1274,NetBanking,,,
2653,1476,14-10-2024,1530,Card,,,
2654,1419,15-10-2024,2735,Card,,,
2655,1427,16-10-2024,2114,Card,,,
2656,1495,17-10-2024,3234,UPI,,,
2657,1479,18-10-2024,1663,Card,,,
2658,1475,19-10-2024,4240,UPI,,,
2659,1126,20-10-2024,503,UPI,,,
2660,1395,21-10-2024,460,NetBanking,,,
2661,1305,22-10-2024,4787,NetBanking,,,
2662,1369,23-10-2024,1068,NetBanking,,,
2663,1294,24-10-2024,4048,UPI,,,
2664,1064,25-10-2024,2881,UPI,,,
2665,1325,26-10-2024,1393,UPI,,,
2666,1392,27-10-2024,4800,Card,,,
2667,1418,28-10-2024,907,UPI,,,
2668,1176,29-10-2024,1840,NetBanking,,,
2669,1116,30-10-2024,3175,NetBanking,,,
2670,1440,31-10-2024,3491,UPI,,,
2671,1204,01-11-2024,2137,UPI,,,
2672,1486,02-11-2024,989,NetBanking,,,
2673,1321,03-11-2024,4059,UPI,,,
2674,1031,04-11-2024,3249,NetBanking,,,
2675,1388,05-11-2024,2403,Card,,,
2676,1113,06-11-2024,665,NetBanking,,,
2677,1365,07-11-2024,3875,Card,,,
2678,1434,08-11-2024,4850,UPI,,,
2679,1325,09-11-2024,4499,UPI,,,
2680,1414,10-11-2024,4472,Card,,,
2681,1376,11-11-2024,4625,UPI,,,
2682,1344,12-11-2024,2678,Card,,,
2683,1443,13-11-2024,1505,UPI,,,
2684,1067,14-11-2024,4139,NetBanking,,,
2685,1075,15-11-2024,3035,UPI,,,
2686,1045,16-11-2024,3647,NetBanking,,,
2687,1260,17-11-2024,1975,NetBanking,,,
2688,1154,18-11-2024,598,Card,,,
2689,1155,19-11-2024,1256,UPI,,,
2690,1430,20-11-2024,1414,Card,,,
2691,1363,21-11-2024,2805,UPI,,,
2692,1448,22-11-2024,1774,NetBanking,,,
2693,1475,23-11-2024,4760,NetBanking,,,
2694,1234,24-11-2024,4746,UPI,,,
2695,1051,25-11-2024,4026,UPI,,,
2696,1306,26-11-2024,3771,Card,,,
2697,1262,27-11-2024,3128,UPI,,,
2698,1315,28-11-2024,3150,UPI,,,
2699,1125,29-11-2024,2806,UPI,,,
2700,1399,30-11-2024,4070,Card,,,
2701,1245,01-12-2024,3264,UPI,,,
2702,1030,02-12-2024,4894,NetBanking,,,
2703,1426,03-12-2024,1249,Card,,,
2704,1485,04-12-2024,4903,Card,,,
2705,1122,05-12-2024,3150,NetBanking,,,
2706,1125,06-12-2024,465,NetBanking,,,
2707,1037,07-12-2024,3786,NetBanking,,,
2708,1170,08-12-2024,2809,UPI,,,
2709,1124,09-12-2024,1219,NetBanking,,,
2710,1357,10-12-2024,413,UPI,,,
2711,1035,11-12-2024,3804,Card,,,
2712,1087,12-12-2024,1291,Card,,,
2713,1134,13-12-2024,4139,NetBanking,,,
2714,1196,14-12-2024,1558,UPI,,,
2715,1274,15-12-2024,3726,NetBanking,,,
2716,1201,16-12-2024,814,NetBanking,,,
2717,1369,17-12-2024,3496,UPI,,,
2718,1285,18-12-2024,4734,NetBanking,,,
2719,1077,19-12-2024,2884,Card,,,
2720,1059,20-12-2024,367,NetBanking,,,
2721,1431,21-12-2024,1896,UPI,,,
2722,1126,22-12-2024,4778,UPI,,,
2723,1500,23-12-2024,318,Card,,,
2724,1401,24-12-2024,3030,UPI,,,
2725,1109,25-12-2024,3821,UPI,,,
2726,1224,26-12-2024,872,Card,,,
2727,1496,27-12-2024,2558,NetBanking,,,
2728,1278,28-12-2024,3202,Card,,,
2729,1068,29-12-2024,950,NetBanking,,,
2730,1069,30-12-2024,2887,Card,,,
2731,1165,31-12-2024,3562,NetBanking,,,
2732,1489,01-01-2025,1638,Card,,,
2733,1305,02-01-2025,3934,NetBanking,,,
2734,1397,03-01-2025,3127,Card,,,
2735,1162,04-01-2025,2517,NetBanking,,,
2736,1365,05-01-2025,3839,Card,,,
2737,1342,06-01-2025,1337,UPI,,,
2738,1309,07-01-2025,4683,NetBanking,,,
2739,1379,08-01-2025,4278,Card,,,
2740,1343,09-01-2025,3261,NetBanking,,,
2741,1435,10-01-2025,3526,NetBanking,,,
2742,1387,11-01-2025,1398,Card,,,
2743,1042,12-01-2025,2624,NetBanking,,,
2744,1354,13-01-2025,1239,Card,,,
2745,1416,14-01-2025,4016,UPI,,,
2746,1109,15-01-2025,3714,NetBanking,,,
2747,1051,16-01-2025,1748,UPI,,,
2748,1250,17-01-2025,870,NetBanking,,,
2749,1497,18-01-2025,3204,NetBanking,,,
2750,1341,19-01-2025,2805,NetBanking,,,
2751,1430,20-01-2025,1217,Card,,,
2752,1383,21-01-2025,2174,UPI,,,
2753,1492,22-01-2025,1978,NetBanking,,,
2754,1021,23-01-2025,915,Card,,,
2755,1300,24-01-2025,4801,NetBanking,,,
2756,1139,25-01-2025,2049,Card,,,
2757,1359,26-01-2025,4125,NetBanking,,,
2758,1324,27-01-2025,4488,UPI,,,
2759,1499,28-01-2025,2777,UPI,,,
2760,1385,29-01-2025,3805,NetBanking,,,
2761,1092,30-01-2025,3775,Card,,,
2762,1447,31-01-2025,4829,NetBanking,,,
2763,1280,01-02-2025,1435,Card,,,
2764,1125,02-02-2025,4300,NetBanking,,,
2765,1483,03-02-2025,674,Card,,,
2766,1397,04-02-2025,506,UPI,,,
2767,1111,05-02-2025,1619,NetBanking,,,
2768,1354,06-02-2025,1441,UPI,,,
2769,1139,07-02-2025,4927,UPI,,,
2770,1484,08-02-2025,2990,NetBanking,,,
2771,1435,09-02-2025,3555,NetBanking,,,
2772,1273,10-02-2025,389,Card,,,
2773,1099,11-02-2025,4408,Card,,,
2774,1252,12-02-2025,3320,UPI,,,
2775,1338,13-02-2025,2157,Card,,,
2776,1104,14-02-2025,1104,Card,,,
2777,1214,15-02-2025,1244,NetBanking,,,
2778,1249,16-02-2025,3089,Card,,,
2779,1152,17-02-2025,4175,UPI,,,
2780,1250,18-02-2025,1910,Card,,,
2781,1275,19-02-2025,3223,UPI,,,
2782,1165,20-02-2025,4182,NetBanking,,,
2783,1487,21-02-2025,3521,UPI,,,
2784,1341,22-02-2025,4691,Card,,,
2785,1008,23-02-2025,2687,NetBanking,,,
2786,1284,24-02-2025,1241,Card,,,
2787,1005,25-02-2025,2866,NetBanking,,,
2788,1145,26-02-2025,1275,NetBanking,,,
2789,1101,27-02-2025,1254,Card,,,
2790,1164,28-02-2025,1562,Card,,,
2791,1374,01-03-2025,1243,NetBanking,,,
2792,1147,02-03-2025,2502,NetBanking,,,
2793,1064,03-03-2025,3627,Card,,,
2794,1091,04-03-2025,4574,UPI,,,
2795,1117,05-03-2025,2559,Card,,,
2796,1354,06-03-2025,2128,NetBanking,,,
2797,1267,07-03-2025,1557,Card,,,
2798,1310,08-03-2025,764,UPI,,,
2799,1173,09-03-2025,3594,Card,,,
2800,1047,10-03-2025,1530,NetBanking,,,
2801,1140,11-03-2025,2954,Card,,,
2802,1246,12-03-2025,1184,NetBanking,,,
2803,1149,13-03-2025,4105,NetBanking,,,
2804,1246,14-03-2025,4156,Card,,,
2805,1395,15-03-2025,3435,NetBanking,,,
2806,1487,16-03-2025,1224,NetBanking,,,
2807,1476,17-03-2025,4889,UPI,,,
2808,1005,18-03-2025,1846,UPI,,,
2809,1465,19-03-2025,1394,UPI,,,
2810,1184,20-03-2025,2711,UPI,,,
2811,1020,21-03-2025,2917,NetBanking,,,
2812,1425,22-03-2025,1062,Card,,,
2813,1046,23-03-2025,2623,NetBanking,,,
2814,1012,24-03-2025,4445,NetBanking,,,
2815,1070,25-03-2025,3075,NetBanking,,,
2816,1017,26-03-2025,4959,Card,,,
2817,1371,27-03-2025,3455,UPI,,,
2818,1147,28-03-2025,4270,NetBanking,,,
2819,1154,29-03-2025,2340,NetBanking,,,
2820,1304,30-03-2025,883,UPI,,,
2821,1108,31-03-2025,4631,NetBanking,,,
2822,1236,01-04-2025,2403,Card,,,
2823,1308,02-04-2025,2242,NetBanking,,,
2824,1352,03-04-2025,4755,NetBanking,,,
2825,1070,04-04-2025,409,UPI,,,
2826,1183,05-04-2025,491,NetBanking,,,
2827,1250,06-04-2025,1203,NetBanking,,,
2828,1228,07-04-2025,1161,Card,,,
2829,1102,08-04-2025,1383,UPI,,,
2830,1075,09-04-2025,949,UPI,,,
2831,1417,10-04-2025,4434,Card,,,
2832,1446,11-04-2025,3911,NetBanking,,,
2833,1216,12-04-2025,936,UPI,,,
2834,1407,13-04-2025,1336,UPI,,,
2835,1399,14-04-2025,4431,NetBanking,,,
2836,1411,15-04-2025,2448,NetBanking,,,
2837,1203,16-04-2025,4165,UPI,,,
2838,1192,17-04-2025,3457,NetBanking,,,
2839,1249,18-04-2025,3887,UPI,,,
2840,1499,19-04-2025,3594,NetBanking,,,
2841,1242,20-04-2025,4561,NetBanking,,,
2842,1465,21-04-2025,2730,Card,,,
2843,1179,22-04-2025,2179,NetBanking,,,
2844,1437,23-04-2025,4266,Card,,,
2845,1462,24-04-2025,4013,NetBanking,,,
2846,1219,25-04-2025,4426,UPI,,,
2847,1082,26-04-2025,4406,UPI,,,
2848,1092,27-04-2025,2311,NetBanking,,,
2849,1435,28-04-2025,3673,NetBanking,,,
2850,1175,29-04-2025,2443,UPI,,,
2851,1239,30-04-2025,2800,NetBanking,,,
2852,1260,01-05-2025,4881,Card,,,
2853,1391,02-05-2025,1589,Card,,,
2854,1365,03-05-2025,1747,Card,,,
2855,1163,04-05-2025,3499,Card,,,
2856,1048,05-05-2025,2243,Card,,,
2857,1329,06-05-2025,3483,NetBanking,,,
2858,1328,07-05-2025,3516,NetBanking,,,
2859,1116,08-05-2025,3436,Card,,,
2860,1429,09-05-2025,3618,NetBanking,,,
2861,1337,10-05-2025,3082,NetBanking,,,
2862,1337,11-05-2025,1290,Card,,,
2863,1369,12-05-2025,2453,NetBanking,,,
2864,1225,13-05-2025,525,NetBanking,,,
2865,1352,14-05-2025,1076,NetBanking,,,
2866,1328,15-05-2025,3137,Card,,,
2867,1147,16-05-2025,987,NetBanking,,,
2868,1063,17-05-2025,829,UPI,,,
2869,1294,18-05-2025,3742,UPI,,,
2870,1323,19-05-2025,2453,Card,,,
2871,1443,20-05-2025,1594,UPI,,,
2872,1325,21-05-2025,1826,Card,,,
2873,1013,22-05-2025,3196,UPI,,,
2874,1431,23-05-2025,3403,UPI,,,
2875,1494,24-05-2025,2740,UPI,,,
2876,1189,25-05-2025,4435,Card,,,
2877,1287,26-05-2025,4102,Card,,,
2878,1208,27-05-2025,1144,NetBanking,,,
2879,1114,28-05-2025,746,Card,,,
2880,1480,29-05-2025,4215,UPI,,,
2881,1022,30-05-2025,3409,UPI,,,
2882,1349,31-05-2025,1534,Card,,,
2883,1214,01-06-2025,526,Card,,,
2884,1171,02-06-2025,4443,Card,,,
2885,1323,03-06-2025,3259,NetBanking,,,
2886,1054,04-06-2025,2130,UPI,,,
2887,1394,05-06-2025,4079,NetBanking,,,
2888,1298,06-06-2025,486,NetBanking,,,
2889,1320,07-06-2025,3177,UPI,,,
2890,1126,08-06-2025,2835,UPI,,,
2891,1277,09-06-2025,2232,Card,,,
2892,1464,10-06-2025,3224,Card,,,
2893,1204,11-06-2025,1148,NetBanking,,,
2894,1194,12-06-2025,2332,Card,,,
2895,1169,13-06-2025,1552,Card,,,
2896,1152,14-06-2025,2181,UPI,,,
2897,1035,15-06-2025,569,UPI,,,
2898,1184,16-06-2025,1930,Card,,,
2899,1286,17-06-2025,4705,UPI,,,
2900,1057,18-06-2025,3503,Card,,,
2901,1222,19-06-2025,1874,UPI,,,
2902,1303,20-06-2025,3192,UPI,,,
2903,1163,21-06-2025,1995,UPI,,,
2904,1019,22-06-2025,3558,UPI,,,
2905,1370,23-06-2025,3562,Card,,,
2906,1264,24-06-2025,1745,NetBanking,,,
2907,1282,25-06-2025,519,UPI,,,
2908,1113,26-06-2025,352,Card,,,
2909,1488,27-06-2025,2057,Card,,,
2910,1327,28-06-2025,1966,UPI,,,
2911,1030,29-06-2025,3085,NetBanking,,,
2912,1135,30-06-2025,1019,UPI,,,
2913,1067,01-07-2025,705,Card,,,
2914,1065,02-07-2025,2594,NetBanking,,,
2915,1292,03-07-2025,371,Card,,,
2916,1025,04-07-2025,2353,UPI,,,
2917,1037,05-07-2025,1529,NetBanking,,,
2918,1001,06-07-2025,1867,Card,,,
2919,1399,07-07-2025,3982,Card,,,
2920,1037,08-07-2025,3253,Card,,,
2921,1141,09-07-2025,4782,UPI,,,
2922,1232,10-07-2025,998,NetBanking,,,
2923,1136,11-07-2025,1126,UPI,,,
2924,1389,12-07-2025,648,UPI,,,
2925,1188,13-07-2025,4208,UPI,,,
2926,1128,14-07-2025,607,NetBanking,,,
2927,1201,15-07-2025,3716,UPI,,,
2928,1127,16-07-2025,2634,UPI,,,
2929,1257,17-07-2025,3109,UPI,,,
2930,1164,18-07-2025,3858,UPI,,,
2931,1035,19-07-2025,4778,Card,,,
2932,1194,20-07-2025,3777,UPI,,,
2933,1191,21-07-2025,4920,Card,,,
2934,1104,22-07-2025,2986,UPI,,,
2935,1023,23-07-2025,3285,NetBanking,,,
2936,1265,24-07-2025,575,Card,,,
2937,1290,25-07-2025,2847,Card,,,
2938,1430,26-07-2025,3064,Card,,,
2939,1462,27-07-2025,636,Card,,,
2940,1384,28-07-2025,2273,NetBanking,,,
2941,1260,29-07-2025,3279,UPI,,,
2942,1414,30-07-2025,4876,Card,,,
2943,1479,31-07-2025,4268,NetBanking,,,
2944,1358,01-08-2025,1210,Card,,,
2945,1075,02-08-2025,2296,UPI,,,
2946,1355,03-08-2025,3429,Card,,,
2947,1072,04-08-2025,4504,NetBanking,,,
2948,1259,05-08-2025,4057,UPI,,,
2949,1398,06-08-2025,627,NetBanking,,,
2950,1188,07-08-2025,2099,UPI,,,
2951,1461,08-08-2025,614,UPI,,,
2952,1173,09-08-2025,3845,UPI,,,
2953,1480,10-08-2025,1434,Card,,,
2954,1290,11-08-2025,3046,NetBanking,,,
2955,1045,12-08-2025,1820,NetBanking,,,
2956,1061,13-08-2025,455,NetBanking,,,
2957,1083,14-08-2025,2024,UPI,,,
2958,1123,15-08-2025,3643,Card,,,
2959,1358,16-08-2025,1186,UPI,,,
2960,1016,17-08-2025,3373,NetBanking,,,
2961,1066,18-08-2025,3105,Card,,,
2962,1424,19-08-2025,1021,Card,,,
2963,1145,20-08-2025,1212,Card,,,
2964,1375,21-08-2025,3657,NetBanking,,,
2965,1162,22-08-2025,1170,Card,,,
2966,1234,23-08-2025,4408,Card,,,
2967,1380,24-08-2025,797,UPI,,,
2968,1144,25-08-2025,2056,UPI,,,
2969,1358,26-08-2025,1417,Card,,,
2970,1188,27-08-2025,3709,Card,,,
2971,1322,28-08-2025,3128,UPI,,,
2972,1450,29-08-2025,1947,UPI,,,
2973,1474,30-08-2025,3283,UPI,,,
2974,1013,31-08-2025,442,NetBanking,,,
2975,1184,01-09-2025,3061,NetBanking,,,
2976,1111,02-09-2025,3735,UPI,,,
2977,1415,03-09-2025,4960,Card,,,
2978,1290,04-09-2025,2731,UPI,,,
2979,1295,05-09-2025,4812,NetBanking,,,
2980,1451,06-09-2025,2148,Card,,,
2981,1392,07-09-2025,2996,NetBanking,,,
2982,1215,08-09-2025,2017,Card,,,
2983,1462,09-09-2025,3372,NetBanking,,,
2984,1120,10-09-2025,1367,Card,,,
2985,1382,11-09-2025,3086,Card,,,
2986,1055,12-09-2025,4091,Card,,,
2987,1027,13-09-2025,1588,Card,,,
2988,1118,14-09-2025,4171,NetBanking,,,
2989,1221,15-09-2025,2106,NetBanking,,,
2990,1231,16-09-2025,1804,Card,,,
2991,1053,17-09-2025,3608,Card,,,
2992,1295,18-09-2025,3251,NetBanking,,,
2993,1321,19-09-2025,371,Card,,,
2994,1401,20-09-2025,1990,Card,,,
2995,1233,21-09-2025,1644,Card,,,
2996,1158,22-09-2025,3603,UPI,,,
2997,1437,23-09-2025,3413,Card,,,
2998,1269,24-09-2025,1182,UPI,,,
2999,1021,25-09-2025,4534,Card,,,
3000,1403,26-09-2025,2962,NetBanking,,,
3001,1053,27-09-2025,1804,UPI,,,
3002,1275,28-09-2025,2763,UPI,,,
3003,1313,29-09-2025,2853,Card,,,
3004,1281,30-09-2025,1032,Card,,,
3005,1214,01-10-2025,2048,UPI,,,
3006,1031,02-10-2025,4224,NetBanking,,,
3007,1337,03-10-2025,723,NetBanking,,,
3008,1183,04-10-2025,3778,Card,,,
3009,1023,05-10-2025,1891,NetBanking,,,
3010,1032,06-10-2025,4785,NetBanking,,,
3011,1446,07-10-2025,4737,Card,,,
3012,1074,08-10-2025,792,NetBanking,,,
3013,1010,09-10-2025,491,Card,,,
3014,1484,10-10-2025,798,UPI,,,
3015,1456,11-10-2025,1556,Card,,,
3016,1054,12-10-2025,2268,UPI,,,
3017,1052,13-10-2025,4622,UPI,,,
3018,1148,14-10-2025,2486,NetBanking,,,
3019,1160,15-10-2025,1116,NetBanking,,,
3020,1370,16-10-2025,3520,NetBanking,,,
3021,1014,17-10-2025,1773,Card,,,
3022,1178,18-10-2025,1386,NetBanking,,,
3023,1412,19-10-2025,4499,UPI,,,
3024,1366,20-10-2025,2174,NetBanking,,,
3025,1500,21-10-2025,1170,NetBanking,,,
3026,1053,22-10-2025,2342,Card,,,
3027,1408,23-10-2025,572,Card,,,
3028,1335,24-10-2025,1329,UPI,,,
3029,1022,25-10-2025,3518,Card,,,
3030,1030,26-10-2025,4369,NetBanking,,,
3031,1191,27-10-2025,1351,Card,,,
3032,1260,28-10-2025,4333,UPI,,,
3033,1205,29-10-2025,1873,NetBanking,,,
3034,1059,30-10-2025,3490,UPI,,,
3035,1471,31-10-2025,4688,Card,,,
3036,1264,01-11-2025,4097,Card,,,
3037,1466,02-11-2025,3589,UPI,,,
3038,1012,03-11-2025,4047,NetBanking,,,
3039,1119,04-11-2025,2405,Card,,,
3040,1415,05-11-2025,607,Card,,,
3041,1462,06-11-2025,3659,NetBanking,,,
3042,1290,07-11-2025,3476,Card,,,
3043,1338,08-11-2025,1551,UPI,,,
3044,1248,09-11-2025,3047,Card,,,
3045,1354,10-11-2025,1817,Card,,,
3046,1127,11-11-2025,1678,NetBanking,,,
3047,1075,12-11-2025,2261,UPI,,,
3048,1361,13-11-2025,4605,NetBanking,,,
3049,1204,14-11-2025,3163,Card,,,
3050,1049,15-11-2025,2956,Card,,,
3051,1079,16-11-2025,2794,NetBanking,,,
3052,1441,17-11-2025,4867,NetBanking,,,
3053,1479,18-11-2025,4305,NetBanking,,,
3054,1241,19-11-2025,3863,UPI,,,
3055,1349,20-11-2025,1222,Card,,,
3056,1154,21-11-2025,4532,NetBanking,,,
3057,1274,22-11-2025,4762,Card,,,
3058,1096,23-11-2025,3259,UPI,,,
3059,1214,24-11-2025,483,UPI,,,
3060,1294,25-11-2025,3658,UPI,,,
3061,1209,26-11-2025,1698,UPI,,,
3062,1343,27-11-2025,3096,Card,,,
3063,1088,28-11-2025,836,UPI,,,
3064,1306,29-11-2025,1573,UPI,,,
3065,1264,30-11-2025,3267,NetBanking,,,
3066,1425,01-12-2025,3349,UPI,,,
3067,1390,02-12-2025,1396,NetBanking,,,
3068,1325,03-12-2025,1605,UPI,,,
3069,1428,04-12-2025,1215,UPI,,,
3070,1377,05-12-2025,3381,NetBanking,,,
3071,1320,06-12-2025,4547,UPI,,,
3072,1157,07-12-2025,1328,Card,,,
3073,1156,08-12-2025,2277,Card,,,
3074,1139,09-12-2025,3654,UPI,,,
3075,1121,10-12-2025,2811,Card,,,
3076,1065,11-12-2025,570,NetBanking,,,
3077,1107,12-12-2025,1486,UPI,,,
3078,1147,13-12-2025,4855,UPI,,,
3079,1137,14-12-2025,4500,NetBanking,,,
3080,1411,15-12-2025,4064,NetBanking,,,
3081,1162,16-12-2025,2698,NetBanking,,,
3082,1428,17-12-2025,4829,UPI,,,
3083,1452,18-12-2025,4535,NetBanking,,,
3084,1100,19-12-2025,4482,NetBanking,,,
3085,1338,20-12-2025,2011,Card,,,
3086,1399,21-12-2025,2530,Card,,,
3087,1307,22-12-2025,428,UPI,,,
3088,1141,23-12-2025,1569,Card,,,
3089,1083,24-12-2025,3972,Card,,,
3090,1177,25-12-2025,1901,NetBanking,,,
3091,1198,26-12-2025,4270,NetBanking,,,
3092,1112,27-12-2025,4544,Card,,,
3093,1056,28-12-2025,927,Card,,,
3094,1460,29-12-2025,4097,Card,,,
3095,1179,30-12-2025,2344,UPI,,,
3096,1421,31-12-2025,3852,UPI,,,
3097,1401,01-01-2026,2641,UPI,,,
3098,1186,02-01-2026,3514,Card,,,
3099,1471,03-01-2026,549,Card,,,
3100,1218,04-01-2026,3225,UPI,,,
3101,1413,05-01-2026,1274,UPI,,,
3102,1417,06-01-2026,1625,Card,,,
3103,1316,07-01-2026,1283,NetBanking,,,
3104,1475,08-01-2026,1188,UPI,,,
3105,1217,09-01-2026,3237,Card,,,
3106,1120,10-01-2026,2417,Card,,,
3107,1439,11-01-2026,2972,NetBanking,,,
3108,1394,12-01-2026,1626,Card,,,
3109,1175,13-01-2026,770,Card,,,
3110,1023,14-01-2026,2287,UPI,,,
3111,1213,15-01-2026,390,UPI,,,
3112,1405,16-01-2026,829,NetBanking,,,
3113,1235,17-01-2026,4359,NetBanking,,,
3114,1013,18-01-2026,3073,Card,,,
3115,1101,19-01-2026,1986,UPI,,,
3116,1417,20-01-2026,491,NetBanking,,,
3117,1024,21-01-2026,2286,NetBanking,,,
3118,1364,22-01-2026,3923,NetBanking,,,
3119,1011,23-01-2026,2485,Card,,,
3120,1273,24-01-2026,4740,UPI,,,
3121,1452,25-01-2026,1308,NetBanking,,,
3122,1431,26-01-2026,4083,UPI,,,
3123,1281,27-01-2026,4598,NetBanking,,,
3124,1094,28-01-2026,4968,NetBanking,,,
3125,1201,29-01-2026,4587,UPI,,,
3126,1021,30-01-2026,2352,UPI,,,
3127,1340,31-01-2026,3608,UPI,,,
3128,1467,01-02-2026,2016,Card,,,
3129,1211,02-02-2026,610,NetBanking,,,
3130,1140,03-02-2026,4838,Card,,,
3131,1293,04-02-2026,1560,UPI,,,
3132,1298,05-02-2026,4232,NetBanking,,,
3133,1401,06-02-2026,3568,Card,,,
3134,1101,07-02-2026,884,NetBanking,,,
3135,1304,08-02-2026,3099,Card,,,
3136,1359,09-02-2026,659,UPI,,,
3137,1028,10-02-2026,3166,Card,,,
3138,1041,11-02-2026,2311,NetBanking,,,
3139,1355,12-02-2026,4306,NetBanking,,,
3140,1303,13-02-2026,1925,NetBanking,,,
3141,1496,14-02-2026,3064,NetBanking,,,
3142,1146,15-02-2026,1190,UPI,,,
3143,1256,16-02-2026,1031,Card,,,
3144,1462,17-02-2026,4261,UPI,,,
3145,1227,18-02-2026,2804,UPI,,,
3146,1236,19-02-2026,914,UPI,,,
3147,1361,20-02-2026,4106,NetBanking,,,
3148,1380,21-02-2026,2019,NetBanking,,,
3149,1455,22-02-2026,1887,NetBanking,,,
3150,1489,23-02-2026,1911,Card,,,
3151,1013,24-02-2026,1196,NetBanking,,,
3152,1210,25-02-2026,577,Card,,,
3153,1229,26-02-2026,4947,NetBanking,,,
3154,1397,27-02-2026,1936,NetBanking,,,
3155,1100,28-02-2026,2458,UPI,,,
3156,1031,01-03-2026,2732,UPI,,,
3157,1386,02-03-2026,4204,UPI,,,
3158,1016,03-03-2026,3562,Card,,,
3159,1137,04-03-2026,1749,Card,,,
3160,1329,05-03-2026,4800,NetBanking,,,
3161,1166,06-03-2026,1532,Card,,,
3162,1459,07-03-2026,4417,NetBanking,,,
3163,1310,08-03-2026,977,Card,,,
3164,1440,09-03-2026,2958,Card,,,
3165,1470,10-03-2026,2328,Card,,,
3166,1481,11-03-2026,4058,UPI,,,
3167,1100,12-03-2026,4924,Card,,,
3168,1109,13-03-2026,2337,UPI,,,
3169,1343,14-03-2026,2949,UPI,,,
3170,1173,15-03-2026,956,Card,,,
3171,1237,16-03-2026,465,NetBanking,,,
3172,1162,17-03-2026,4891,NetBanking,,,
3173,1393,18-03-2026,889,NetBanking,,,
3174,1216,19-03-2026,4824,Card,,,
3175,1264,20-03-2026,3121,NetBanking,,,
3176,1263,21-03-2026,4558,UPI,,,
3177,1292,22-03-2026,1562,NetBanking,,,
3178,1274,23-03-2026,371,Card,,,
3179,1003,24-03-2026,3816,NetBanking,,,
3180,1028,25-03-2026,3880,UPI,,,
3181,1326,26-03-2026,568,Card,,,
3182,1492,27-03-2026,2076,NetBanking,,,
3183,1428,28-03-2026,2762,Card,,,
3184,1149,29-03-2026,1568,Card,,,
3185,1028,30-03-2026,1315,Card,,,
3186,1488,31-03-2026,3022,NetBanking,,,
3187,1310,01-04-2026,1383,Card,,,
3188,1438,02-04-2026,4401,NetBanking,,,
3189,1065,03-04-2026,706,UPI,,,
3190,1356,04-04-2026,3376,NetBanking,,,
3191,1021,05-04-2026,1285,UPI,,,
3192,1252,06-04-2026,3903,NetBanking,,,
3193,1235,07-04-2026,4785,Card,,,
3194,1227,08-04-2026,1009,NetBanking,,,
3195,1013,09-04-2026,2918,Card,,,
3196,1313,10-04-2026,1711,UPI,,,
3197,1049,11-04-2026,4921,NetBanking,,,
3198,1118,12-04-2026,1785,Card,,,
3199,1054,13-04-2026,3250,UPI,,,
3200,1138,14-04-2026,4951,UPI,,,
3201,1053,15-04-2026,3234,NetBanking,,,
3202,1044,16-04-2026,4414,UPI,,,
3203,1303,17-04-2026,4970,Card,,,
3204,1053,18-04-2026,1303,UPI,,,
3205,1074,19-04-2026,2766,UPI,,,
3206,1046,20-04-2026,2766,Card,,,
3207,1013,21-04-2026,2238,UPI,,,
3208,1165,22-04-2026,2239,UPI,,,
3209,1102,23-04-2026,1935,UPI,,,
3210,1280,24-04-2026,1998,UPI,,,
3211,1258,25-04-2026,4827,Card,,,
3212,1470,26-04-2026,2391,UPI,,,
3213,1337,27-04-2026,2195,Card,,,
3214,1356,28-04-2026,4540,UPI,,,
3215,1398,29-04-2026,3698,UPI,,,
3216,1138,30-04-2026,1373,UPI,,,
3217,1163,01-05-2026,2702,UPI,,,
3218,1409,02-05-2026,3512,Card,,,
3219,1387,03-05-2026,4337,Card,,,
3220,1111,04-05-2026,1451,Card,,,
3221,1102,05-05-2026,2745,NetBanking,,,
3222,1017,06-05-2026,2256,UPI,,,
3223,1268,07-05-2026,4858,UPI,,,
3224,1182,08-05-2026,4207,Card,,,
3225,1372,09-05-2026,1107,NetBanking,,,
3226,1024,10-05-2026,486,UPI,,,
3227,1029,11-05-2026,4824,Card,,,
3228,1171,12-05-2026,1607,UPI,,,
3229,1409,13-05-2026,2584,UPI,,,
3230,1228,14-05-2026,1057,Card,,,
3231,1378,15-05-2026,4531,Card,,,
3232,1188,16-05-2026,4154,UPI,,,
3233,1346,17-05-2026,4566,UPI,,,
3234,1230,18-05-2026,2506,Card,,,
3235,1321,19-05-2026,3858,UPI,,,
3236,1340,20-05-2026,1880,UPI,,,
3237,1119,21-05-2026,1261,Card,,,
3238,1156,22-05-2026,4147,UPI,,,
3239,1272,23-05-2026,3875,UPI,,,
3240,1175,24-05-2026,1175,NetBanking,,,
3241,1465,25-05-2026,2718,Card,,,
3242,1104,26-05-2026,4498,NetBanking,,,
3243,1092,27-05-2026,1301,NetBanking,,,
3244,1186,28-05-2026,3684,NetBanking,,,
3245,1460,29-05-2026,4366,UPI,,,
3246,1283,30-05-2026,3145,UPI,,,
3247,1181,31-05-2026,1781,NetBanking,,,
3248,1170,01-06-2026,3601,NetBanking,,,
3249,1187,02-06-2026,957,NetBanking,,,
3250,1175,03-06-2026,3080,UPI,,,
3251,1222,04-06-2026,722,NetBanking,,,
3252,1233,05-06-2026,3981,NetBanking,,,
3253,1162,06-06-2026,4566,Card,,,
3254,1421,07-06-2026,3010,Card,,,
3255,1134,08-06-2026,752,UPI,,,
3256,1391,09-06-2026,2697,Card,,,
3257,1480,10-06-2026,2275,Card,,,
3258,1224,11-06-2026,1957,Card,,,
3259,1153,12-06-2026,2841,UPI,,,
3260,1033,13-06-2026,3375,Card,,,
3261,1055,14-06-2026,3464,UPI,,,
3262,1442,15-06-2026,3266,NetBanking,,,
3263,1007,16-06-2026,2353,Card,,,
3264,1244,17-06-2026,587,UPI,,,
3265,1313,18-06-2026,3517,Card,,,
3266,1126,19-06-2026,4154,NetBanking,,,
3267,1012,20-06-2026,1747,UPI,,,
3268,1016,21-06-2026,907,UPI,,,
3269,1208,22-06-2026,4852,UPI,,,
3270,1043,23-06-2026,2064,NetBanking,,,
3271,1373,24-06-2026,1525,NetBanking,,,
3272,1484,25-06-2026,1535,NetBanking,,,
3273,1461,26-06-2026,1329,UPI,,,
3274,1135,27-06-2026,2971,NetBanking,,,
3275,1228,28-06-2026,4262,Card,,,
3276,1111,29-06-2026,4842,NetBanking,,,
3277,1307,30-06-2026,3477,UPI,,,
3278,1457,01-07-2026,4022,Card,,,
3279,1160,02-07-2026,1775,NetBanking,,,
3280,1331,03-07-2026,3196,Card,,,
3281,1264,04-07-2026,1108,Card,,,
3282,1225,05-07-2026,1278,UPI,,,
3283,1471,06-07-2026,2763,Card,,,
3284,1217,07-07-2026,1025,Card,,,
3285,1456,08-07-2026,2801,UPI,,,
3286,1045,09-07-2026,3662,UPI,,,
3287,1214,10-07-2026,1516,UPI,,,
3288,1059,11-07-2026,4351,Card,,,
3289,1132,12-07-2026,2497,Card,,,
3290,1104,13-07-2026,3106,Card,,,
3291,1195,14-07-2026,1078,UPI,,,
3292,1413,15-07-2026,1272,NetBanking,,,
3293,1489,16-07-2026,3110,Card,,,
3294,1157,17-07-2026,2423,NetBanking,,,
3295,1098,18-07-2026,898,UPI,,,
3296,1226,19-07-2026,3641,Card,,,
3297,1412,20-07-2026,524,NetBanking,,,
3298,1205,21-07-2026,1140,Card,,,
3299,1079,22-07-2026,2114,Card,,,
3300,1124,23-07-2026,1406,Card,,,
3301,1471,24-07-2026,424,NetBanking,,,
3302,1428,25-07-2026,3546,UPI,,,
3303,1218,26-07-2026,3231,Card,,,
3304,1004,27-07-2026,4425,UPI,,,
3305,1090,28-07-2026,3271,UPI,,,
3306,1104,29-07-2026,2317,NetBanking,,,
3307,1393,30-07-2026,2715,NetBanking,,,
3308,1119,31-07-2026,4890,UPI,,,
3309,1133,01-08-2026,3396,Card,,,
3310,1312,02-08-2026,1909,NetBanking,,,
3311,1096,03-08-2026,1017,Card,,,
3312,1468,04-08-2026,3861,Card,,,
3313,1434,05-08-2026,1316,Card,,,
3314,1331,06-08-2026,3865,UPI,,,
3315,1143,07-08-2026,4770,Card,,,
3316,1288,08-08-2026,2260,UPI,,,
3317,1028,09-08-2026,1348,UPI,,,
3318,1278,10-08-2026,1657,Card,,,
3319,1233,11-08-2026,3726,Card,,,
3320,1017,12-08-2026,415,Card,,,
3321,1059,13-08-2026,2395,Card,,,
3322,1090,14-08-2026,2101,UPI,,,
3323,1492,15-08-2026,2446,Card,,,
3324,1199,16-08-2026,1920,Card,,,
3325,1362,17-08-2026,3250,UPI,,,
3326,1441,18-08-2026,4092,NetBanking,,,
3327,1026,19-08-2026,3241,NetBanking,,,
3328,1025,20-08-2026,1277,UPI,,,
3329,1394,21-08-2026,3366,NetBanking,,,
3330,1301,22-08-2026,1083,UPI,,,
3331,1339,23-08-2026,540,Card,,,
3332,1267,24-08-2026,1853,Card,,,
3333,1461,25-08-2026,4878,NetBanking,,,
3334,1181,26-08-2026,1312,Card,,,
3335,1456,27-08-2026,486,NetBanking,,,
3336,1360,28-08-2026,2181,NetBanking,,,
3337,1068,29-08-2026,4886,Card,,,
3338,1495,30-08-2026,730,Card,,,
3339,1351,31-08-2026,538,NetBanking,,,
3340,1412,01-09-2026,2645,Card,,,
3341,1459,02-09-2026,375,UPI,,,
3342,1491,03-09-2026,1656,Card,,,
3343,1321,04-09-2026,2630,Card,,,
3344,1049,05-09-2026,4986,UPI,,,
3345,1175,06-09-2026,2202,Card,,,
3346,1052,07-09-2026,4313,Card,,,
3347,1102,08-09-2026,4970,NetBanking,,,
3348,1216,09-09-2026,2359,Card,,,
3349,1438,10-09-2026,440,Card,,,
3350,1188,11-09-2026,2089,UPI,,,
3351,1057,12-09-2026,3926,NetBanking,,,
3352,1047,13-09-2026,316,NetBanking,,,
3353,1159,14-09-2026,4648,NetBanking,,,
3354,1489,15-09-2026,764,Card,,,
3355,1174,16-09-2026,4771,NetBanking,,,
3356,1242,17-09-2026,2127,UPI,,,
3357,1282,18-09-2026,3328,NetBanking,,,
3358,1241,19-09-2026,819,UPI,,,
3359,1370,20-09-2026,389,NetBanking,,,
3360,1005,21-09-2026,3151,NetBanking,,,
3361,1084,22-09-2026,3143,UPI,,,
3362,1308,23-09-2026,2184,NetBanking,,,
3363,1361,24-09-2026,4471,NetBanking,,,
3364,1459,25-09-2026,1225,NetBanking,,,
3365,1248,26-09-2026,4034,Card,,,
3366,1054,27-09-2026,1269,UPI,,,
3367,1161,28-09-2026,1394,NetBanking,,,
3368,1434,29-09-2026,3495,UPI,,,
3369,1422,30-09-2026,1704,UPI,,,
3370,1411,01-10-2026,3664,UPI,,,
3371,1226,02-10-2026,4590,NetBanking,,,
3372,1015,03-10-2026,4282,NetBanking,,,
3373,1224,04-10-2026,4623,UPI,,,
3374,1061,05-10-2026,4313,Card,,,
3375,1122,06-10-2026,4856,UPI,,,
3376,1277,07-10-2026,3392,Card,,,
3377,1046,08-10-2026,4459,UPI,,,
3378,1453,09-10-2026,2374,UPI,,,
3379,1390,10-10-2026,584,UPI,,,
3380,1294,11-10-2026,1487,NetBanking,,,
3381,1062,12-10-2026,4269,Card,,,
3382,1086,13-10-2026,3265,Card,,,
3383,1446,14-10-2026,4619,UPI,,,
3384,1210,15-10-2026,1083,NetBanking,,,
3385,1078,16-10-2026,1249,NetBanking,,,
3386,1202,17-10-2026,4239,Card,,,
3387,1302,18-10-2026,344,NetBanking,,,
3388,1397,19-10-2026,2110,Card,,,
3389,1223,20-10-2026,4866,Card,,,
3390,1222,21-10-2026,2381,Card,,,
3391,1003,22-10-2026,3798,NetBanking,,,
3392,1478,23-10-2026,1129,Card,,,
3393,1006,24-10-2026,2209,Card,,,
3394,1093,25-10-2026,2881,UPI,,,
3395,1008,26-10-2026,991,Card,,,
3396,1428,27-10-2026,4319,Card,,,
3397,1493,28-10-2026,1231,UPI,,,
3398,1235,29-10-2026,3706,UPI,,,
3399,1108,30-10-2026,447,NetBanking,,,
3400,1161,31-10-2026,1332,Card,,,
3401,1209,01-11-2026,1611,NetBanking,,,
3402,1240,02-11-2026,687,NetBanking,,,
3403,1331,03-11-2026,3421,UPI,,,
3404,1333,04-11-2026,2173,NetBanking,,,
3405,1050,05-11-2026,3888,Card,,,
3406,1011,06-11-2026,1215,UPI,,,
3407,1351,07-11-2026,2178,Card,,,
3408,1156,08-11-2026,4048,Card,,,
3409,1492,09-11-2026,577,UPI,,,
3410,1070,10-11-2026,2277,Card,,,
3411,1169,11-11-2026,2159,UPI,,,
3412,1272,12-11-2026,3336,Card,,,
3413,1068,13-11-2026,3671,UPI,,,
3414,1355,14-11-2026,2482,NetBanking,,,
3415,1252,15-11-2026,4975,Card,,,
3416,1048,16-11-2026,1470,UPI,,,
3417,1184,17-11-2026,789,Card,,,
3418,1320,18-11-2026,2825,Card,,,
3419,1187,19-11-2026,1482,Card,,,
3420,1090,20-11-2026,4779,UPI,,,
3421,1446,21-11-2026,4558,NetBanking,,,
3422,1332,22-11-2026,2788,NetBanking,,,
3423,1139,23-11-2026,2176,NetBanking,,,
3424,1357,24-11-2026,2762,UPI,,,
3425,1089,25-11-2026,1930,NetBanking,,,
3426,1274,26-11-2026,587,UPI,,,
3427,1019,27-11-2026,4582,Card,,,
3428,1471,28-11-2026,2207,Card,,,
3429,1311,29-11-2026,1461,NetBanking,,,
3430,1358,30-11-2026,429,UPI,,,
3431,1374,01-12-2026,2663,Card,,,
3432,1466,02-12-2026,443,UPI,,,
3433,1154,03-12-2026,315,UPI,,,
3434,1390,04-12-2026,544,Card,,,
3435,1260,05-12-2026,1226,UPI,,,
3436,1108,06-12-2026,3478,Card,,,
3437,1371,07-12-2026,2476,Card,,,
3438,1285,08-12-2026,1186,Card,,,
3439,1059,09-12-2026,640,UPI,,,
3440,1125,10-12-2026,2351,Card,,,
3441,1354,11-12-2026,3698,UPI,,,
3442,1273,12-12-2026,4250,Card,,,
3443,1107,13-12-2026,605,Card,,,
3444,1299,14-12-2026,1207,NetBanking,,,
3445,1245,15-12-2026,2954,NetBanking,,,
3446,1336,16-12-2026,4092,NetBanking,,,
3447,1450,17-12-2026,4342,UPI,,,
3448,1418,18-12-2026,1671,UPI,,,
3449,1247,19-12-2026,620,Card,,,
3450,1008,20-12-2026,4954,Card,,,
3451,1141,21-12-2026,4359,Card,,,
3452,1362,22-12-2026,1431,Card,,,
3453,1008,23-12-2026,2878,UPI,,,
3454,1478,24-12-2026,4342,Card,,,
3455,1352,25-12-2026,3667,Card,,,
3456,1484,26-12-2026,1117,NetBanking,,,
3457,1495,27-12-2026,311,Card,,,
3458,1094,28-12-2026,494,Card,,,
3459,1321,29-12-2026,2837,Card,,,
3460,1427,30-12-2026,3142,UPI,,,
3461,1039,31-12-2026,2529,NetBanking,,,
3462,1081,01-01-2027,3309,Card,,,
3463,1187,02-01-2027,2377,Card,,,
3464,1084,03-01-2027,4167,NetBanking,,,
3465,1088,04-01-2027,743,Card,,,
3466,1242,05-01-2027,597,UPI,,,
3467,1342,06-01-2027,1144,Card,,,
3468,1093,07-01-2027,1315,UPI,,,
3469,1086,08-01-2027,1684,UPI,,,
3470,1044,09-01-2027,1697,Card,,,
3471,1137,10-01-2027,853,NetBanking,,,
3472,1421,11-01-2027,2650,UPI,,,
3473,1074,12-01-2027,4816,NetBanking,,,
3474,1036,13-01-2027,1569,Card,,,
3475,1101,14-01-2027,1560,UPI,,,
3476,1476,15-01-2027,484,Card,,,
3477,1156,16-01-2027,4863,NetBanking,,,
3478,1426,17-01-2027,2710,Card,,,
3479,1255,18-01-2027,4731,Card,,,
3480,1171,19-01-2027,2509,UPI,,,
3481,1469,20-01-2027,3972,Card,,,
3482,1216,21-01-2027,4983,Card,,,
3483,1170,22-01-2027,2181,Card,,,
3484,1252,23-01-2027,4596,UPI,,,
3485,1360,24-01-2027,821,NetBanking,,,
3486,1322,25-01-2027,2187,NetBanking,,,
3487,1055,26-01-2027,2852,Card,,,
3488,1456,27-01-2027,4109,UPI,,,
3489,1432,28-01-2027,4455,Card,,,
3490,1091,29-01-2027,4973,NetBanking,,,
3491,1278,30-01-2027,4716,UPI,,,
3492,1101,31-01-2027,3779,NetBanking,,,
3493,1155,01-02-2027,1709,NetBanking,,,
3494,1377,02-02-2027,1994,UPI,,,
3495,1349,03-02-2027,4964,UPI,,,
3496,1451,04-02-2027,826,Card,,,
3497,1364,05-02-2027,2960,Card,,,
3498,1141,06-02-2027,2472,NetBanking,,,
3499,1173,07-02-2027,579,UPI,,,
3500,1010,08-02-2027,3264,UPI,,,
